Language,Page,File to supply,Text to read exactly,Text signed off (Y/N),Recorded by,Checked by native speaker (Y/N)
English,Welcome,audio/en/s2.mp3,"Welcome to Worksop Distribution Centre.
Read the site safety rules and Goods-In instructions before continuing.
Driver safety information: Follow all instructions given by Goods-In colleagues. If this page differs from an instruction given on site, stop and ask Goods-In for assistance.",,,
English,Rules 1 to 10,audio/en/s3.mp3,"Site Safety Rules.
Rules 1 to 10.
Minimum PPE requirements.
Safety boots and a fastened hi-vis vest must always be worn on site.
Goods-In trailer bays.
Please align the front of the vehicle with the red stop line. Extra-long vehicles or those with rear attachments should proceed with extra caution.
Speed limit.
This site always enforces a strict 10 mph speed limit.
Traffic flow.
The site always operates a two-way traffic flow system.
Hazard lights.
Hazard lights are to be always switched on when travelling on site.
Key procedures.
When parked in a designated dock or bay, vehicle keys must be handed into the designated control point before any unloading or loading takes place.
Driver safe area.
The designated “safe zone” during unloading and loading is to be communicated by the designated control point.
Unit/trailer park brakes.
Park brakes are to be always applied when the unit or trailer is parked. Please double-check before exiting the unit and uncoupling or coupling the trailer.
Grey wheel stops and yellow fixed chocks.
Our parking bays operate wheel stops. These are grey in colour and are to rest the back tyre on. The yellow fixed chocks are to be driven over in suitable vehicles to prevent a potential rollaway.
Rear doors.
Trailers or containers must not be moved around site at any time with the rear doors open.",,,
English,Rules 11 to 19,audio/en/s4.mp3,"Site Safety Rules.
Rules 11 to 19.
Split coupling.
This practice is not allowed on site.
Passengers, pets and children.
Under no circumstances are passengers, pets or children allowed on site. This includes security lodges.
Accidents, incidents and near misses.
All accidents, incidents and near misses must be reported to any manager or colleague on site.
Hazards.
Please report any hazards, for example spillages, to any manager or colleague immediately.
First aiders.
First aiders can be identified by their hi-visibility vest, which has “First aider” printed on the back and front.
H&S advice and assistance.
H&S advice or assistance can be sought from the on-site managers.
Mobile wheel chocks.
We will place yellow wheel chocks under the rear trailer wheels to prevent a rollaway while we unload the trailer. Please check that these have been removed before you attempt to drive away.
Breach of policy.
We reserve the right to remove contractors from site if safety rules or procedures are breached.
Fire alarm.
In the case of a fire alarm, all people must leave the building by the nearest fire escape door. Drivers must park their vehicle immediately and in a safe position clear of escape routes. Keys should be left in the ignition in case they need to be moved by emergency services.",,,
English,Goods-In instructions,audio/en/s5.mp3,"Goods-In Driver Communication.
Follow these instructions while your vehicle is being tipped.
Do not wait in the cab.
You cannot sit in your cab while your vehicle is being tipped.
Use the waiting facilities.
There is seating round the corner. To your left you will also find the toilets and vending machine.
Wear visible hi-vis.
If you are outside, make sure your hi-vis gives 360-degree visibility.
Stay away from the cab.
Do not go near your cab unless instructed to do so.
Use the walkways.
Keep to the walkways.
Wait for Goods-In.
We will come and find you if there are any problems, and when you are finished, with your keys and paperwork.",,,
English,Acknowledgement,audio/en/s6.mp3,"Confirm Your Understanding.
Select all three boxes to continue.
I have read and understood the site safety rules.
I have read and understood the Goods-In driver instructions.
I agree to follow these rules and instructions given by site colleagues.",,,
English,Done,audio/en/s7.mp3,"Acknowledgement Complete.
Thank you. Wait in the seating area until a Goods-In colleague contacts you.",,,
French,Welcome,audio/fr/s2.mp3,"Bienvenue au centre de distribution de Worksop.
Lisez les règles de sécurité du site et les consignes du Goods-In avant de continuer.
Informations de sécurité pour les chauffeurs : Suivez toutes les instructions des collègues du Goods-In. Si cette page diffère d'une instruction donnée sur place, arrêtez-vous et demandez de l'aide au Goods-In.",,,
French,Rules 1 to 10,audio/fr/s3.mp3,"Règles de sécurité du site.
Règles 1 à 10.
Équipement de protection minimal.
Des chaussures de sécurité et un gilet haute visibilité fermé doivent être portés en permanence sur le site.
Quais de remorques Goods-In.
Alignez l'avant du véhicule sur la ligne d'arrêt rouge. Les véhicules très longs ou équipés d'accessoires à l'arrière devraient avancer avec une prudence accrue.
Limitation de vitesse.
Ce site applique toujours strictement une limite de vitesse de 10 mph.
Sens de circulation.
Le site fonctionne toujours avec une circulation à double sens.
Feux de détresse.
Les feux de détresse doivent rester allumés pendant tout déplacement sur le site.
Procédure pour les clés.
Lorsque vous êtes garé à un quai ou à un emplacement désigné, remettez les clés du véhicule au point de contrôle désigné avant le début du chargement ou du déchargement.
Zone de sécurité du chauffeur.
La zone de sécurité désignée pendant le chargement et le déchargement vous est indiquée par le point de contrôle désigné.
Freins de stationnement du tracteur et de la remorque.
Le frein de stationnement doit toujours être serré lorsque le tracteur ou la remorque est stationné. Vérifiez une seconde fois avant de quitter le tracteur, ainsi qu'avant d'atteler ou de dételer une remorque.
Butées de roue grises et cales fixes jaunes.
Nos emplacements de stationnement sont équipés de butées de roue. Elles sont grises et servent à appuyer le pneu arrière. Les cales fixes jaunes se franchissent avec les véhicules adaptés, afin d'éviter tout déplacement involontaire du véhicule.
Portes arrière.
Les remorques et les conteneurs ne doivent jamais être déplacés sur le site avec les portes arrière ouvertes.",,,
French,Rules 11 to 19,audio/fr/s4.mp3,"Règles de sécurité du site.
Règles 11 à 19.
Split coupling (attelage dissocié).
Cette pratique est interdite sur le site.
Passagers, animaux et enfants.
Les passagers, les animaux et les enfants ne sont admis sur le site en aucune circonstance. Cela inclut les postes de sécurité.
Accidents, incidents et quasi-accidents.
Tout accident, incident ou quasi-accident doit être signalé à un responsable ou à un collègue présent sur le site.
Dangers.
Signalez immédiatement tout danger, par exemple un déversement, à un responsable ou à un collègue.
Secouristes.
Les secouristes se reconnaissent à leur gilet haute visibilité portant la mention « First aider » devant et derrière.
Aide et conseils en santé et sécurité.
Vous pouvez demander des conseils ou de l'aide en matière de santé et de sécurité aux responsables présents sur le site.
Cales de roue mobiles.
Nous placerons des cales jaunes sous les roues arrière de la remorque pour éviter tout déplacement involontaire pendant le déchargement. Vérifiez qu'elles ont été retirées avant de repartir.
Non-respect des règles.
Nous nous réservons le droit d'exclure du site les prestataires qui ne respectent pas les règles ou les procédures de sécurité.
Alarme incendie.
Si l'alarme incendie retentit, toutes les personnes doivent quitter le bâtiment par la sortie de secours la plus proche. Les chauffeurs doivent garer immédiatement leur véhicule dans un endroit sûr, à l'écart des voies d'évacuation. Les clés doivent rester sur le contact au cas où les services de secours devraient déplacer le véhicule.",,,
French,Goods-In instructions,audio/fr/s5.mp3,"Consignes du Goods-In pour les chauffeurs.
Suivez ces consignes pendant le déchargement de votre véhicule.
Ne restez pas dans la cabine.
Vous ne pouvez pas rester dans votre cabine pendant le déchargement de votre véhicule.
Utilisez les espaces d'attente.
Des sièges se trouvent au coin du bâtiment. Les toilettes et un distributeur automatique sont à votre gauche.
Portez un gilet bien visible.
Si vous êtes à l'extérieur, assurez-vous que votre gilet haute visibilité vous rend visible sur 360 degrés.
Restez éloigné de la cabine.
Ne vous approchez pas de votre cabine, sauf si on vous le demande.
Utilisez les allées piétonnes.
Restez sur les allées piétonnes.
Attendez le Goods-In.
Un collègue du Goods-In viendra vous trouver en cas de problème, et lorsque vous aurez terminé, avec vos clés et vos documents.",,,
French,Acknowledgement,audio/fr/s6.mp3,"Confirmez que vous avez compris.
Cochez les trois cases pour continuer.
J'ai lu et compris les règles de sécurité du site.
J'ai lu et compris les consignes du Goods-In pour les chauffeurs.
J'accepte de respecter ces règles et les instructions données par les collègues du site.",,,
French,Done,audio/fr/s7.mp3,"Confirmation terminée.
Merci. Attendez dans la zone d'attente jusqu'à ce qu'un collègue du Goods-In vous contacte.",,,
Romanian,Welcome,audio/ro/s2.mp3,"Bun venit la Centrul de Distribuție Worksop.
Citiți regulile de siguranță ale incintei și instrucțiunile Goods-In înainte de a continua.
Informații de siguranță pentru șoferi: Respectați toate instrucțiunile colegilor de la Goods-In. Dacă această pagină diferă de o instrucțiune primită la fața locului, opriți-vă și cereți ajutor la Goods-In.",,,
Romanian,Rules 1 to 10,audio/ro/s3.mp3,"Reguli de siguranță în incintă.
Regulile 1 până la 10.
Echipament minim de protecție.
În incintă trebuie purtate permanent bocanci de protecție și vestă reflectorizantă încheiată.
Rampe pentru remorci Goods-In.
Aliniați partea din față a vehiculului cu linia roșie de oprire. Vehiculele foarte lungi sau cele cu echipamente montate în spate ar trebui să înainteze cu atenție sporită.
Limită de viteză.
În această incintă se aplică întotdeauna strict limita de viteză de 10 mph.
Sensul de circulație.
În incintă circulația se desfășoară întotdeauna în ambele sensuri.
Semnale de avarie.
Luminile de avarie trebuie să rămână aprinse pe tot timpul deplasării în incintă.
Procedura pentru chei.
Când sunteți parcat la o rampă sau într-un loc desemnat, predați cheile vehiculului la punctul de control desemnat înainte de începerea încărcării sau descărcării.
Zona de siguranță a șoferului.
Zona de siguranță desemnată în timpul încărcării și descărcării vă este comunicată de punctul de control desemnat.
Frânele de parcare ale capului tractor și ale remorcii.
Frâna de parcare trebuie să fie întotdeauna trasă când capul tractor sau remorca este parcat. Verificați încă o dată înainte de a coborî din cabină, precum și înainte de a cupla sau decupla o remorcă.
Opritoare gri și pene fixe galbene.
Locurile noastre de parcare au opritoare de roți. Acestea sunt gri și servesc pentru sprijinirea anvelopei din spate. Penele fixe galbene trebuie trecute cu roțile, la vehiculele adecvate, pentru a preveni deplasarea necontrolată a vehiculului.
Ușile din spate.
Remorcile și containerele nu trebuie mutate niciodată în incintă cu ușile din spate deschise.",,,
Romanian,Rules 11 to 19,audio/ro/s4.mp3,"Reguli de siguranță în incintă.
Regulile 11 până la 19.
Split coupling (cuplare separată).
Această practică nu este permisă în incintă.
Pasageri, animale de companie și copii.
În nicio situație nu sunt permiși în incintă pasageri, animale de companie sau copii. Aceasta include și posturile de pază.
Accidente, incidente și evenimente la limită.
Toate accidentele, incidentele și evenimentele evitate la limită trebuie raportate oricărui manager sau coleg din incintă.
Pericole.
Raportați imediat orice pericol, de exemplu scurgeri, oricărui manager sau coleg.
Persoane pentru primul ajutor.
Persoanele pentru primul ajutor pot fi recunoscute după vesta reflectorizantă cu inscripția „First aider” pe față și pe spate.
Sfaturi și asistență în materie de sănătate și securitate.
Puteți cere sfaturi sau asistență privind sănătatea și securitatea de la managerii din incintă.
Pene de roată mobile.
Vom plasa pene galbene sub roțile din spate ale remorcii pentru a preveni deplasarea necontrolată în timpul descărcării. Verificați că au fost scoase înainte de a pleca.
Încălcarea regulilor.
Ne rezervăm dreptul de a scoate din incintă contractorii dacă regulile sau procedurile de siguranță sunt încălcate.
Alarma de incendiu.
Dacă sună alarma de incendiu, toate persoanele trebuie să părăsească clădirea pe cea mai apropiată ieșire de urgență. Șoferii trebuie să parcheze imediat vehiculul într-o poziție sigură, departe de căile de evacuare. Cheile trebuie lăsate în contact, în caz că serviciile de urgență trebuie să mute vehiculul.",,,
Romanian,Goods-In instructions,audio/ro/s5.mp3,"Instrucțiuni Goods-In pentru șoferi.
Respectați aceste instrucțiuni cât timp vehiculul dumneavoastră este descărcat.
Nu așteptați în cabină.
Nu aveți voie să stați în cabină cât timp vehiculul dumneavoastră este descărcat.
Folosiți zona de așteptare.
Locurile de ședere sunt după colț. Toaletele și un automat de vânzare se află în stânga dumneavoastră.
Purtați vesta vizibilă.
Dacă sunteți afară, asigurați-vă că vesta reflectorizantă vă face vizibil din toate direcțiile (360 de grade).
Păstrați distanța față de cabină.
Nu vă apropiați de cabină decât dacă vi se cere.
Folosiți aleile pietonale.
Rămâneți pe aleile pietonale.
Așteptați colegii de la Goods-In.
Un coleg de la Goods-In vă va căuta dacă apar probleme și atunci când ați terminat, cu cheile și actele dumneavoastră.",,,
Romanian,Acknowledgement,audio/ro/s6.mp3,"Confirmați că ați înțeles.
Bifați toate cele trei căsuțe pentru a continua.
Am citit și am înțeles regulile de siguranță ale incintei.
Am citit și am înțeles instrucțiunile Goods-In pentru șoferi.
Sunt de acord să respect aceste reguli și instrucțiunile date de colegii din incintă.",,,
Romanian,Done,audio/ro/s7.mp3,"Confirmare finalizată.
Vă mulțumim. Așteptați în zona cu locuri de ședere până când vă contactează un coleg de la Goods-In.",,,
Polish,Welcome,audio/pl/s2.mp3,"Witamy w Centrum Dystrybucyjnym Worksop.
Przed przejściem dalej przeczytaj zasady bezpieczeństwa obiektu i instrukcje Goods-In.
Informacje o bezpieczeństwie dla kierowców: Stosuj się do wszystkich poleceń pracowników Goods-In. Jeśli ta strona różni się od polecenia otrzymanego na miejscu, zatrzymaj się i poproś o pomoc pracownika Goods-In.",,,
Polish,Rules 1 to 10,audio/pl/s3.mp3,"Zasady bezpieczeństwa na terenie obiektu.
Zasady 1 do 10.
Minimalne wymagania dotyczące środków ochrony indywidualnej.
Na terenie obiektu należy zawsze nosić obuwie ochronne i zapiętą kamizelkę odblaskową.
Stanowiska rozładunku naczep Goods-In.
Ustaw przód pojazdu na wysokości czerwonej linii zatrzymania. Pojazdy bardzo długie lub z wyposażeniem z tyłu powinny poruszać się ze szczególną ostrożnością.
Ograniczenie prędkości.
Na terenie obiektu zawsze obowiązuje bezwzględne ograniczenie prędkości do 10 mph.
Organizacja ruchu.
Na terenie obiektu zawsze obowiązuje ruch dwukierunkowy.
Światła awaryjne.
Światła awaryjne muszą być włączone przez cały czas jazdy po terenie obiektu.
Zasady dotyczące kluczyków.
Po zaparkowaniu na wyznaczonej rampie lub stanowisku przekaż kluczyki do pojazdu w wyznaczonym punkcie kontrolnym przed rozpoczęciem załadunku lub rozładunku.
Strefa bezpieczeństwa kierowcy.
Wyznaczona strefa bezpieczeństwa podczas załadunku i rozładunku jest wskazywana przez wyznaczony punkt kontrolny.
Hamulce postojowe ciągnika i naczepy.
Hamulec postojowy musi być zawsze zaciągnięty, gdy ciągnik lub naczepa stoi na postoju. Sprawdź to ponownie przed opuszczeniem kabiny oraz przed sprzęganiem lub rozprzęganiem naczepy.
Szare ograniczniki kół i żółte stałe kliny.
Nasze stanowiska postojowe mają ograniczniki kół. Są szare i służą do oparcia tylnej opony. Przez żółte stałe kliny należy przejechać kołami w odpowiednich pojazdach, aby zapobiec niekontrolowanemu stoczeniu się pojazdu.
Tylne drzwi.
Naczep i kontenerów nie wolno przemieszczać po terenie obiektu z otwartymi tylnymi drzwiami.",,,
Polish,Rules 11 to 19,audio/pl/s4.mp3,"Zasady bezpieczeństwa na terenie obiektu.
Zasady 11 do 19.
Split coupling (rozdzielone sprzęganie).
Ta praktyka jest zabroniona na terenie obiektu.
Pasażerowie, zwierzęta i dzieci.
W żadnych okolicznościach pasażerowie, zwierzęta ani dzieci nie mogą przebywać na terenie obiektu. Dotyczy to także budek ochrony.
Wypadki, incydenty i zdarzenia potencjalnie wypadkowe.
Wszystkie wypadki, incydenty i zdarzenia potencjalnie wypadkowe należy zgłaszać dowolnemu kierownikowi lub pracownikowi na terenie obiektu.
Zagrożenia.
Natychmiast zgłaszaj wszelkie zagrożenia, na przykład wycieki, dowolnemu kierownikowi lub pracownikowi.
Osoby udzielające pierwszej pomocy.
Osoby udzielające pierwszej pomocy poznasz po kamizelce odblaskowej z napisem „First aider” z przodu i z tyłu.
Porady i pomoc w zakresie BHP.
O poradę lub pomoc w sprawach BHP można poprosić kierowników na terenie obiektu.
Ruchome kliny pod koła.
Pod tylnymi kołami naczepy umieścimy żółte kliny, aby zapobiec jej stoczeniu się podczas rozładunku. Sprawdź, czy zostały usunięte, zanim ruszysz.
Naruszenie zasad.
Zastrzegamy sobie prawo do usunięcia wykonawców z terenu obiektu w przypadku naruszenia zasad lub procedur bezpieczeństwa.
Alarm pożarowy.
Gdy włączy się alarm pożarowy, wszystkie osoby muszą opuścić budynek najbliższym wyjściem ewakuacyjnym. Kierowcy muszą natychmiast zaparkować pojazd w bezpiecznym miejscu, z dala od dróg ewakuacyjnych. Kluczyki należy zostawić w stacyjce na wypadek, gdyby służby ratunkowe musiały przestawić pojazd.",,,
Polish,Goods-In instructions,audio/pl/s5.mp3,"Instrukcje Goods-In dla kierowców.
Stosuj się do tych instrukcji podczas rozładunku Twojego pojazdu.
Nie czekaj w kabinie.
Nie możesz przebywać w kabinie, gdy Twój pojazd jest rozładowywany.
Skorzystaj z miejsca oczekiwania.
Miejsca siedzące są za rogiem. Toalety i automat z przekąskami i napojami są po lewej stronie.
Noś widoczną kamizelkę.
Jeśli jesteś na zewnątrz, upewnij się, że Twoja kamizelka odblaskowa zapewnia widoczność ze wszystkich stron (360 stopni).
Nie zbliżaj się do kabiny.
Nie zbliżaj się do kabiny, chyba że otrzymasz takie polecenie.
Korzystaj z przejść dla pieszych.
Trzymaj się wyznaczonych przejść dla pieszych.
Czekaj na pracownika Goods-In.
Pracownik Goods-In odnajdzie Cię, jeśli pojawią się problemy oraz gdy skończysz, z Twoimi kluczykami i dokumentami.",,,
Polish,Acknowledgement,audio/pl/s6.mp3,"Potwierdź, że rozumiesz.
Zaznacz wszystkie trzy pola, aby kontynuować.
Znam i rozumiem zasady bezpieczeństwa na terenie obiektu.
Znam i rozumiem instrukcje Goods-In dla kierowców.
Zgadzam się przestrzegać tych zasad i poleceń pracowników obiektu.",,,
Polish,Done,audio/pl/s7.mp3,"Potwierdzenie zakończone.
Dziękujemy. Czekaj w strefie z miejscami siedzącymi, aż skontaktuje się z Tobą pracownik Goods-In.",,,
Russian,Welcome,audio/ru/s2.mp3,"Добро пожаловать в распределительный центр Worksop.
Прочитайте правила безопасности на территории и инструкции Goods-In, прежде чем продолжить.
Информация по безопасности для водителей: Выполняйте все указания сотрудников Goods-In. Если эта страница отличается от указаний, полученных на месте, остановитесь и обратитесь за помощью в Goods-In.",,,
Russian,Rules 1 to 10,audio/ru/s3.mp3,"Правила безопасности на территории.
Правила с 1 по 10.
Минимальные требования к средствам защиты.
На территории всегда необходимо носить защитную обувь и застёгнутый светоотражающий жилет.
Доки для прицепов Goods-In.
Выровняйте переднюю часть автомобиля по красной линии остановки. Очень длинным транспортным средствам и транспортным средствам с оборудованием сзади следует двигаться с повышенной осторожностью.
Ограничение скорости.
На этой территории всегда строго действует ограничение скорости 10 mph.
Организация движения.
На территории всегда действует двустороннее движение.
Аварийная сигнализация.
При движении по территории аварийная сигнализация должна быть всё время включена.
Порядок сдачи ключей.
Припарковавшись у назначенного дока или места, сдайте ключи от транспортного средства на назначенный контрольный пункт до начала погрузки или разгрузки.
Безопасная зона для водителя.
Назначенная безопасная зона во время погрузки и разгрузки сообщается назначенным контрольным пунктом.
Стояночные тормоза тягача и прицепа.
Стояночный тормоз должен быть всегда включён, когда тягач или прицеп стоит на стоянке. Проверьте ещё раз, прежде чем выйти из кабины, а также перед сцепкой или расцепкой прицепа.
Серые колёсные упоры и жёлтые неподвижные башмаки.
На наших стояночных местах установлены колёсные упоры. Они серые, в них упирается заднее колесо. Через жёлтые неподвижные башмаки на подходящих транспортных средствах нужно переезжать, чтобы предотвратить самопроизвольный откат.
Задние двери.
Прицепы и контейнеры нельзя перемещать по территории с открытыми задними дверями.",,,
Russian,Rules 11 to 19,audio/ru/s4.mp3,"Правила безопасности на территории.
Правила с 11 по 19.
Split coupling (раздельная сцепка).
Такая практика на территории запрещена.
Пассажиры, животные и дети.
Ни при каких обстоятельствах пассажиры, домашние животные и дети не допускаются на территорию. Это относится и к постам охраны.
Происшествия, инциденты и опасные ситуации.
О всех происшествиях, инцидентах и опасных ситуациях без последствий необходимо сообщать любому руководителю или сотруднику на территории.
Опасности.
Немедленно сообщайте о любых опасностях, например проливах, любому руководителю или сотруднику.
Обученные первой помощи.
Сотрудников, обученных оказанию первой помощи, можно узнать по светоотражающему жилету с надписью «First aider» спереди и сзади.
Консультации и помощь по охране труда.
Консультацию или помощь по охране труда и технике безопасности можно получить у руководителей на территории.
Подвижные противооткатные башмаки.
Мы установим жёлтые башмаки под задние колёса прицепа, чтобы предотвратить откат во время разгрузки. Убедитесь, что они убраны, прежде чем начать движение.
Нарушение правил.
Мы оставляем за собой право удалить подрядчиков с территории при нарушении правил или процедур безопасности.
Пожарная сигнализация.
При срабатывании пожарной сигнализации все люди должны покинуть здание через ближайший аварийный выход. Водители должны немедленно припарковать транспортное средство в безопасном месте, не загораживая пути эвакуации. Ключи следует оставить в замке зажигания на случай, если спасательным службам потребуется переставить транспортное средство.",,,
Russian,Goods-In instructions,audio/ru/s5.mp3,"Инструкции Goods-In для водителей.
Выполняйте эти инструкции, пока ваш автомобиль разгружают.
Не ждите в кабине.
Нельзя находиться в кабине, пока ваш автомобиль разгружают.
Используйте зону ожидания.
Места для сидения находятся за углом. Туалеты и торговый автомат слева от вас.
Носите заметный жилет.
Если вы находитесь на улице, убедитесь, что ваш светоотражающий жилет обеспечивает видимость со всех сторон (360 градусов).
Не подходите к кабине.
Не подходите к своей кабине, пока вам не скажут это сделать.
Ходите по пешеходным дорожкам.
Передвигайтесь только по пешеходным дорожкам.
Ждите сотрудника Goods-In.
Сотрудник Goods-In найдёт вас, если возникнут проблемы, а также когда вы закончите, с вашими ключами и документами.",,,
Russian,Acknowledgement,audio/ru/s6.mp3,"Подтвердите, что вам всё понятно.
Отметьте все три пункта, чтобы продолжить.
Правила безопасности на территории мне понятны.
Инструкции Goods-In для водителей мне понятны.
Обязуюсь соблюдать эти правила и указания сотрудников площадки.",,,
Russian,Done,audio/ru/s7.mp3,"Подтверждение завершено.
Спасибо. Ждите в зоне с сиденьями, пока с вами не свяжется сотрудник Goods-In.",,,
