Reviewer name:,,,,
Language:,Latvian (DRAFT),,,
Phone model and browser:,,,,
Voice when read aloud (Human / OK / Robotic / No voice / Wrong language):,,,,
,,,,
Item,English master (approved),Latvian DRAFT,Meaning correct (Y/N),Correction
Screen text: sub,Inbound Driver Safety Pilot,Vadītāju drošība: pilots,,
Screen text: read,🔊 Read this page,🔊 Noklausīties šo lapu,,
Screen text: stop,■ Stop,■ Apturēt,,
Screen text: reading,Reading this page aloud.,Šī lapa tiek nolasīta skaļi.,,
Screen text: finished,Voice playback finished.,Nolasīšana pabeigta.,,
Screen text: stopped,Voice playback stopped.,Nolasīšana apturēta.,,
Screen text: noSpeech,Voice playback is not available on this device. Please ask Goods-In for assistance.,"Šajā ierīcē balss nolasīšana nav pieejama. Lūdzu, lūdziet palīdzību Goods-In.",,
Screen text: noVoice,Voice is not available for this language on this device. Please ask Goods-In for assistance.,"Šai valodai šajā ierīcē nav pieejamas balss. Lūdzu, lūdziet palīdzību Goods-In.",,
Screen text: err,Voice playback could not start. Please ask Goods-In for assistance.,"Nolasīšanu neizdevās sākt. Lūdzu, lūdziet palīdzību Goods-In.",,
Screen text: loading,Voices are still loading. Please press the button again.,"Balsis vēl tiek ielādētas. Lūdzu, nospiediet pogu vēlreiz.",,
Screen text: welcomeH1,Welcome to Worksop Distribution Centre,Laipni lūdzam Worksop izplatīšanas centrā,,
Screen text: welcomeP,Read the site safety rules and Goods-In instructions before continuing.,"Pirms turpināt, izlasiet teritorijas drošības noteikumus un Goods-In norādījumus.",,
Screen text: noteB,Driver safety information:,Drošības informācija vadītājiem:,,
Screen text: noteT,"Follow all instructions given by Goods-In colleagues. If this page differs from an instruction given on site, stop and ask Goods-In for assistance.","Izpildiet visus Goods-In kolēģu norādījumus. Ja šī lapa atšķiras no norādījuma, kas sniegts uz vietas, apstājieties un lūdziet palīdzību Goods-In.",,
Screen text: meta,This page does not ask for your personal details.,Šī lapa neprasa jūsu personas datus.,,
Screen text: btnContinue,Continue,Turpināt,,
Screen text: back,Back,Atpakaļ,,
Screen text: rulesH1,Site Safety Rules,Teritorijas drošības noteikumi,,
Screen text: h2a,Rules 1 to 10,Noteikumi no 1 līdz 10,,
Screen text: h2b,Rules 11 to 19,Noteikumi no 11 līdz 19,,
Screen text: btnNext,Next rules,Nākamie noteikumi,,
Screen text: btnGI,Goods-In instructions,Goods-In norādījumi,,
Screen text: commsH1,Goods-In Driver Communication,Goods-In norādījumi vadītājiem,,
Screen text: commsP,Follow these instructions while your vehicle is being tipped.,"Izpildiet šos norādījumus, kamēr jūsu transportlīdzeklis tiek izkrauts.",,
Screen text: btnAck,Acknowledgement,Apstiprinājums,,
Screen text: ackH1,Confirm Your Understanding,"Apstipriniet, ka viss ir skaidrs",,
Screen text: ackP,Select all three boxes to continue.,"Atzīmējiet visas trīs rūtiņas, lai turpinātu.",,
Screen text: c1,I have read and understood the site safety rules.,Teritorijas drošības noteikumi man ir skaidri.,,
Screen text: c2,I have read and understood the Goods-In driver instructions.,Goods-In norādījumi vadītājiem man ir skaidri.,,
Screen text: c3,I agree to follow these rules and instructions given by site colleagues.,Piekrītu ievērot šos noteikumus un teritorijas kolēģu norādījumus.,,
Screen text: btnAgree,I understand and agree,"Skaidrs, piekrītu",,
Screen text: doneH1,Acknowledgement Complete,Apstiprinājums pabeigts,,
Screen text: doneP,Thank you. Wait in the seating area until a Goods-In colleague contacts you.,"Paldies. Uzgaidiet sēdvietu zonā, līdz ar jums sazināsies Goods-In kolēģis.",,
Screen text: btnFinish,Finish,Pabeigt,,
Site rule 1 title,Minimum PPE requirements,Minimālās prasības aizsardzības līdzekļiem,,
Site rule 1 text,Safety boots and a fastened hi-vis vest must always be worn on site.,Teritorijā vienmēr jāvalkā drošības apavi un aizpogāta augstas redzamības veste.,,
Site rule 2 title,Goods-In trailer bays,Goods-In piekabju vietas,,
Site rule 2 text,Please align the front of the vehicle with the red stop line. Extra-long vehicles or those with rear attachments should proceed with extra caution.,"Lūdzu, novietojiet transportlīdzekļa priekšpusi pret sarkano apstāšanās līniju. Ļoti gariem transportlīdzekļiem vai tiem, kuriem aizmugurē ir papildaprīkojums, būtu jābrauc īpaši uzmanīgi.",,
Site rule 3 title,Speed limit,Ātruma ierobežojums,,
Site rule 3 text,This site always enforces a strict 10 mph speed limit.,Šajā teritorijā vienmēr stingri tiek ievērots ātruma ierobežojums 10 mph.,,
Site rule 4 title,Traffic flow,Satiksmes organizācija,,
Site rule 4 text,The site always operates a two-way traffic flow system.,Teritorijā vienmēr darbojas divvirzienu satiksme.,,
Site rule 5 title,Hazard lights,Avārijas gaismas,,
Site rule 5 text,Hazard lights are to be always switched on when travelling on site.,"Braucot pa teritoriju, avārijas gaismām vienmēr jābūt ieslēgtām.",,
Site rule 6 title,Key procedures,Atslēgu kārtība,,
Site rule 6 text,"When parked in a designated dock or bay, vehicle keys must be handed into the designated control point before any unloading or loading takes place.","Kad esat novietojies noteiktajā dokā vai vietā, transportlīdzekļa atslēgas jānodod noteiktajā kontroles punktā pirms jebkādas iekraušanas vai izkraušanas.",,
Site rule 7 title,Driver safe area,Vadītāja drošā zona,,
Site rule 7 text,The designated “safe zone” during unloading and loading is to be communicated by the designated control point.,Noteikto “drošo zonu” izkraušanas un iekraušanas laikā paziņo noteiktais kontroles punkts.,,
Site rule 8 title,Unit/trailer park brakes,Vilcēja un piekabes stāvbremzes,,
Site rule 8 text,Park brakes are to be always applied when the unit or trailer is parked. Please double-check before exiting the unit and uncoupling or coupling the trailer.,"Stāvbremzei vienmēr jābūt ieslēgtai, kad vilcējs vai piekabe ir novietota. Lūdzu, pārbaudiet vēlreiz pirms izkāpšanas no vilcēja un pirms piekabes pievienošanas vai atvienošanas.",,
Site rule 9 title,Grey wheel stops and yellow fixed chocks,Pelēkie riteņu ierobežotāji un dzeltenie fiksētie ķīļi,,
Site rule 9 text,Our parking bays operate wheel stops. These are grey in colour and are to rest the back tyre on. The yellow fixed chocks are to be driven over in suitable vehicles to prevent a potential rollaway.,"Mūsu stāvvietās ir riteņu ierobežotāji. Tie ir pelēki un paredzēti aizmugures riepas atbalstam. Dzeltenajiem fiksētajiem ķīļiem ar piemērotiem transportlīdzekļiem jābrauc pāri, lai novērstu iespējamu patvaļīgu aizripošanu.",,
Site rule 10 title,Rear doors,Aizmugures durvis,,
Site rule 10 text,Trailers or containers must not be moved around site at any time with the rear doors open.,Piekabes vai konteinerus teritorijā nedrīkst pārvietot nevienā brīdī ar atvērtām aizmugures durvīm.,,
Site rule 11 title,Split coupling,Split coupling (atsevišķa sakabināšana),,
Site rule 11 text,This practice is not allowed on site.,Šī prakse teritorijā nav atļauta.,,
Site rule 12 title,"Passengers, pets and children","Pasažieri, mājdzīvnieki un bērni",,
Site rule 12 text,"Under no circumstances are passengers, pets or children allowed on site. This includes security lodges.","Nekādos apstākļos teritorijā nav atļauti pasažieri, mājdzīvnieki vai bērni. Tas attiecas arī uz apsardzes postiem.",,
Site rule 13 title,"Accidents, incidents and near misses","Negadījumi, incidenti un gandrīz notikušie negadījumi",,
Site rule 13 text,"All accidents, incidents and near misses must be reported to any manager or colleague on site.","Par visiem negadījumiem, incidentiem un gandrīz notikušajiem negadījumiem jāziņo jebkuram vadības pārstāvim vai kolēģim teritorijā.",,
Site rule 14 title,Hazards,Apdraudējumi,,
Site rule 14 text,"Please report any hazards, for example spillages, to any manager or colleague immediately.","Lūdzu, nekavējoties ziņojiet par jebkuru apdraudējumu, piemēram, izšļakstījumu, jebkuram vadības pārstāvim vai kolēģim.",,
Site rule 15 title,First aiders,Pirmās palīdzības sniedzēji,,
Site rule 15 text,"First aiders can be identified by their hi-visibility vest, which has “First aider” printed on the back and front.",Pirmās palīdzības sniedzējus var atpazīt pēc augstas redzamības vestes ar uzrakstu “First aider” priekšpusē un mugurpusē.,,
Site rule 16 title,H&S advice and assistance,Padomi un palīdzība darba drošības jautājumos,,
Site rule 16 text,H&S advice or assistance can be sought from the on-site managers.,Padomu vai palīdzību darba drošības un veselības jautājumos var lūgt teritorijas vadības pārstāvjiem.,,
Site rule 17 title,Mobile wheel chocks,Pārvietojamie riteņu ķīļi,,
Site rule 17 text,We will place yellow wheel chocks under the rear trailer wheels to prevent a rollaway while we unload the trailer. Please check that these have been removed before you attempt to drive away.,"Mēs novietosim dzeltenus ķīļus zem piekabes aizmugures riteņiem, lai novērstu aizripošanu izkraušanas laikā. Lūdzu, pārbaudiet, vai tie ir noņemti, pirms mēģināt aizbraukt.",,
Site rule 18 title,Breach of policy,Noteikumu pārkāpšana,,
Site rule 18 text,We reserve the right to remove contractors from site if safety rules or procedures are breached.,"Mēs paturam tiesības izraidīt darbuzņēmējus no teritorijas, ja tiek pārkāpti drošības noteikumi vai procedūras.",,
Site rule 19 title,Fire alarm,Ugunsgrēka trauksme,,
Site rule 19 text,"In the case of a fire alarm, all people must leave the building by the nearest fire escape door. Drivers must park their vehicle immediately and in a safe position clear of escape routes. Keys should be left in the ignition in case they need to be moved by emergency services.","Ja atskan ugunsgrēka trauksme, visiem cilvēkiem jāpamet ēka pa tuvāko evakuācijas izeju. Vadītājiem nekavējoties jānovieto transportlīdzeklis drošā vietā, neaizsprostojot evakuācijas ceļus. Atslēgas jāatstāj aizdedzē, ja glābšanas dienestiem nepieciešams pārvietot transportlīdzekli.",,
Goods-In instruction 1 title,Do not wait in the cab,Negaidiet kabīnē,,
Goods-In instruction 1 text,You cannot sit in your cab while your vehicle is being tipped.,"Jūs nedrīkstat sēdēt kabīnē, kamēr jūsu transportlīdzeklis tiek izkrauts.",,
Goods-In instruction 2 title,Use the waiting facilities,Izmantojiet gaidīšanas zonu,,
Goods-In instruction 2 text,There is seating round the corner. To your left you will also find the toilets and vending machine.,Sēdvietas ir aiz stūra. Pa kreisi jūs atradīsiet arī tualetes un automātu.,,
Goods-In instruction 3 title,Wear visible hi-vis,Valkājiet labi redzamu vesti,,
Goods-In instruction 3 text,"If you are outside, make sure your hi-vis gives 360-degree visibility.","Ja atrodaties ārā, pārliecinieties, ka jūsu augstas redzamības veste nodrošina redzamību no visām pusēm (360 grādi).",,
Goods-In instruction 4 title,Stay away from the cab,Turieties tālāk no kabīnes,,
Goods-In instruction 4 text,Do not go near your cab unless instructed to do so.,"Nepieejiet savai kabīnei, ja vien jums to neliek darīt.",,
Goods-In instruction 5 title,Use the walkways,Izmantojiet gājēju celiņus,,
Goods-In instruction 5 text,Keep to the walkways.,Turieties pie gājēju celiņiem.,,
Goods-In instruction 6 title,Wait for Goods-In,Gaidiet Goods-In,,
Goods-In instruction 6 text,"We will come and find you if there are any problems, and when you are finished, with your keys and paperwork.","Goods-In kolēģis jūs atradīs, ja radīsies problēmas, un kad būsiet pabeiguši, ar jūsu atslēgām un dokumentiem.",,
