Item,English master,French DRAFT,Romanian DRAFT,Polish DRAFT,Russian DRAFT,Reviewer name and language,Approved (Y/N),Correction
Screen text: sub,Inbound Driver Safety Pilot,Sécurité des chauffeurs : pilote,Siguranța șoferilor: pilot,Bezpieczeństwo kierowców: pilotaż,Безопасность водителей: пилот,,,
Screen text: read,🔊 Read this page,🔊 Écouter cette page,🔊 Ascultă această pagină,🔊 Odsłuchaj tę stronę,🔊 Прослушать страницу,,,
Screen text: stop,■ Stop,■ Arrêter,■ Oprește,■ Zatrzymaj,■ Стоп,,,
Screen text: reading,Reading this page aloud.,Lecture de cette page à voix haute.,Pagina este citită cu voce tare.,Czytanie strony na głos.,Страница читается вслух.,,,
Screen text: finished,Voice playback finished.,Lecture terminée.,Citirea s-a încheiat.,Czytanie zakończone.,Чтение завершено.,,,
Screen text: stopped,Voice playback stopped.,Lecture arrêtée.,Citirea a fost oprită.,Czytanie zatrzymane.,Чтение остановлено.,,,
Screen text: noSpeech,Voice playback is not available on this device. Please ask Goods-In for assistance.,La lecture vocale n'est pas disponible sur cet appareil. Demandez de l'aide au Goods-In.,Citirea vocală nu este disponibilă pe acest dispozitiv. Cereți ajutor la Goods-In.,Czytanie głosowe nie jest dostępne na tym urządzeniu. Poproś o pomoc pracownika Goods-In.,Голосовое чтение недоступно на этом устройстве. Обратитесь за помощью в Goods-In.,,,
Screen text: noVoice,Voice is not available for this language on this device. Please ask Goods-In for assistance.,Aucune voix n'est disponible pour cette langue sur cet appareil. Demandez de l'aide au Goods-In.,Nu există voce pentru această limbă pe acest dispozitiv. Cereți ajutor la Goods-In.,Brak głosu dla tego języka na tym urządzeniu. Poproś o pomoc pracownika Goods-In.,Для этого языка на этом устройстве нет голоса. Обратитесь за помощью в Goods-In.,,,
Screen text: err,Voice playback could not start. Please ask Goods-In for assistance.,La lecture n'a pas pu démarrer. Demandez de l'aide au Goods-In.,Citirea nu a putut porni. Cereți ajutor la Goods-In.,Nie udało się uruchomić czytania. Poproś o pomoc pracownika Goods-In.,Не удалось начать чтение. Обратитесь за помощью в Goods-In.,,,
Screen text: loading,Voices are still loading. Please press the button again.,Les voix se chargent encore. Appuyez de nouveau sur le bouton.,Vocile se încarcă încă. Apăsați din nou butonul.,Głosy nadal się ładują. Naciśnij przycisk jeszcze raz.,Голоса ещё загружаются. Нажмите кнопку ещё раз.,,,
Screen text: welcomeH1,Welcome to Worksop Distribution Centre,Bienvenue au centre de distribution de Worksop,Bun venit la Centrul de Distribuție Worksop,Witamy w Centrum Dystrybucyjnym Worksop,Добро пожаловать в распределительный центр Worksop,,,
Screen text: welcomeP,Read the site safety rules and Goods-In instructions before continuing.,Lisez les règles de sécurité du site et les consignes du Goods-In avant de continuer.,Citiți regulile de siguranță ale incintei și instrucțiunile Goods-In înainte de a continua.,Przed przejściem dalej przeczytaj zasady bezpieczeństwa obiektu i instrukcje Goods-In.,"Прочитайте правила безопасности на территории и инструкции Goods-In, прежде чем продолжить.",,,
Screen text: noteB,Driver safety information:,Informations de sécurité pour les chauffeurs :,Informații de siguranță pentru șoferi:,Informacje o bezpieczeństwie dla kierowców:,Информация по безопасности для водителей:,,,
Screen text: noteT,"Follow all instructions given by Goods-In colleagues. If this page differs from an instruction given on site, stop and ask Goods-In for assistance.","Suivez toutes les instructions des collègues du Goods-In. Si cette page diffère d'une instruction donnée sur place, arrêtez-vous et demandez de l'aide au Goods-In.","Respectați toate instrucțiunile colegilor de la Goods-In. Dacă această pagină diferă de o instrucțiune primită la fața locului, opriți-vă și cereți ajutor la Goods-In.","Stosuj się do wszystkich poleceń pracowników Goods-In. Jeśli ta strona różni się od polecenia otrzymanego na miejscu, zatrzymaj się i poproś o pomoc pracownika Goods-In.","Выполняйте все указания сотрудников Goods-In. Если эта страница отличается от указаний, полученных на месте, остановитесь и обратитесь за помощью в Goods-In.",,,
Screen text: meta,This page does not ask for your personal details.,Cette page ne demande pas vos données personnelles.,Această pagină nu vă solicită datele personale.,Ta strona nie prosi o Twoje dane osobowe.,Эта страница не запрашивает ваши личные данные.,,,
Screen text: btnContinue,Continue,Continuer,Continuă,Dalej,Продолжить,,,
Screen text: back,Back,Retour,Înapoi,Wstecz,Назад,,,
Screen text: rulesH1,Site Safety Rules,Règles de sécurité du site,Reguli de siguranță în incintă,Zasady bezpieczeństwa na terenie obiektu,Правила безопасности на территории,,,
Screen text: h2a,Rules 1 to 10,Règles 1 à 10,Regulile 1 până la 10,Zasady 1 do 10,Правила с 1 по 10,,,
Screen text: h2b,Rules 11 to 19,Règles 11 à 19,Regulile 11 până la 19,Zasady 11 do 19,Правила с 11 по 19,,,
Screen text: btnNext,Next rules,Règles suivantes,Regulile următoare,Kolejne zasady,Следующие правила,,,
Screen text: btnGI,Goods-In instructions,Consignes du Goods-In,Instrucțiuni Goods-In,Instrukcje Goods-In,Инструкции Goods-In,,,
Screen text: commsH1,Goods-In Driver Communication,Consignes du Goods-In pour les chauffeurs,Instrucțiuni Goods-In pentru șoferi,Instrukcje Goods-In dla kierowców,Инструкции Goods-In для водителей,,,
Screen text: commsP,Follow these instructions while your vehicle is being tipped.,Suivez ces consignes pendant le déchargement de votre véhicule.,Respectați aceste instrucțiuni cât timp vehiculul dumneavoastră este descărcat.,Stosuj się do tych instrukcji podczas rozładunku Twojego pojazdu.,"Выполняйте эти инструкции, пока ваш автомобиль разгружают.",,,
Screen text: btnAck,Acknowledgement,Confirmation,Confirmare,Potwierdzenie,Подтверждение,,,
Screen text: ackH1,Confirm Your Understanding,Confirmez que vous avez compris,Confirmați că ați înțeles,"Potwierdź, że rozumiesz","Подтвердите, что вам всё понятно",,,
Screen text: ackP,Select all three boxes to continue.,Cochez les trois cases pour continuer.,Bifați toate cele trei căsuțe pentru a continua.,"Zaznacz wszystkie trzy pola, aby kontynuować.","Отметьте все три пункта, чтобы продолжить.",,,
Screen text: c1,I have read and understood the site safety rules.,J'ai lu et compris les règles de sécurité du site.,Am citit și am înțeles regulile de siguranță ale incintei.,Znam i rozumiem zasady bezpieczeństwa na terenie obiektu.,Правила безопасности на территории мне понятны.,,,
Screen text: c2,I have read and understood the Goods-In driver instructions.,J'ai lu et compris les consignes du Goods-In pour les chauffeurs.,Am citit și am înțeles instrucțiunile Goods-In pentru șoferi.,Znam i rozumiem instrukcje Goods-In dla kierowców.,Инструкции Goods-In для водителей мне понятны.,,,
Screen text: c3,I agree to follow these rules and instructions given by site colleagues.,J'accepte de respecter ces règles et les instructions données par les collègues du site.,Sunt de acord să respect aceste reguli și instrucțiunile date de colegii din incintă.,Zgadzam się przestrzegać tych zasad i poleceń pracowników obiektu.,Обязуюсь соблюдать эти правила и указания сотрудников площадки.,,,
Screen text: btnAgree,I understand and agree,J'ai compris et j'accepte,Am înțeles și sunt de acord,Rozumiem i zgadzam się,"Понятно, принимаю",,,
Screen text: doneH1,Acknowledgement Complete,Confirmation terminée,Confirmare finalizată,Potwierdzenie zakończone,Подтверждение завершено,,,
Screen text: doneP,Thank you. Wait in the seating area until a Goods-In colleague contacts you.,Merci. Attendez dans la zone d'attente jusqu'à ce qu'un collègue du Goods-In vous contacte.,Vă mulțumim. Așteptați în zona cu locuri de ședere până când vă contactează un coleg de la Goods-In.,"Dziękujemy. Czekaj w strefie z miejscami siedzącymi, aż skontaktuje się z Tobą pracownik Goods-In.","Спасибо. Ждите в зоне с сиденьями, пока с вами не свяжется сотрудник Goods-In.",,,
Screen text: btnFinish,Finish,Terminer,Încheie,Zakończ,Завершить,,,
Site rule 1 title,Minimum PPE requirements,Équipement de protection minimal,Echipament minim de protecție,Minimalne wymagania dotyczące środków ochrony indywidualnej,Минимальные требования к средствам защиты,,,
Site rule 1 text,Safety boots and a fastened hi-vis vest must always be worn on site.,Des chaussures de sécurité et un gilet haute visibilité fermé doivent être portés en permanence sur le site.,În incintă trebuie purtate permanent bocanci de protecție și vestă reflectorizantă încheiată.,Na terenie obiektu należy zawsze nosić obuwie ochronne i zapiętą kamizelkę odblaskową.,На территории всегда необходимо носить защитную обувь и застёгнутый светоотражающий жилет.,,,
Site rule 2 title,Goods-In trailer bays,Quais de remorques Goods-In,Rampe pentru remorci Goods-In,Stanowiska rozładunku naczep Goods-In,Доки для прицепов Goods-In,,,
Site rule 2 text,Please align the front of the vehicle with the red stop line. Extra-long vehicles or those with rear attachments should proceed with extra caution.,Alignez l'avant du véhicule sur la ligne d'arrêt rouge. Les véhicules très longs ou équipés d'accessoires à l'arrière devraient avancer avec une prudence accrue.,Aliniați partea din față a vehiculului cu linia roșie de oprire. Vehiculele foarte lungi sau cele cu echipamente montate în spate ar trebui să înainteze cu atenție sporită.,Ustaw przód pojazdu na wysokości czerwonej linii zatrzymania. Pojazdy bardzo długie lub z wyposażeniem z tyłu powinny poruszać się ze szczególną ostrożnością.,Выровняйте переднюю часть автомобиля по красной линии остановки. Очень длинным транспортным средствам и транспортным средствам с оборудованием сзади следует двигаться с повышенной осторожностью.,,,
Site rule 3 title,Speed limit,Limitation de vitesse,Limită de viteză,Ograniczenie prędkości,Ограничение скорости,,,
Site rule 3 text,This site always enforces a strict 10 mph speed limit.,Ce site applique toujours strictement une limite de vitesse de 10 mph.,În această incintă se aplică întotdeauna strict limita de viteză de 10 mph.,Na terenie obiektu zawsze obowiązuje bezwzględne ograniczenie prędkości do 10 mph.,На этой территории всегда строго действует ограничение скорости 10 mph.,,,
Site rule 4 title,Traffic flow,Sens de circulation,Sensul de circulație,Organizacja ruchu,Организация движения,,,
Site rule 4 text,The site always operates a two-way traffic flow system.,Le site fonctionne toujours avec une circulation à double sens.,În incintă circulația se desfășoară întotdeauna în ambele sensuri.,Na terenie obiektu zawsze obowiązuje ruch dwukierunkowy.,На территории всегда действует двустороннее движение.,,,
Site rule 5 title,Hazard lights,Feux de détresse,Semnale de avarie,Światła awaryjne,Аварийная сигнализация,,,
Site rule 5 text,Hazard lights are to be always switched on when travelling on site.,Les feux de détresse doivent rester allumés pendant tout déplacement sur le site.,Luminile de avarie trebuie să rămână aprinse pe tot timpul deplasării în incintă.,Światła awaryjne muszą być włączone przez cały czas jazdy po terenie obiektu.,При движении по территории аварийная сигнализация должна быть всё время включена.,,,
Site rule 6 title,Key procedures,Procédure pour les clés,Procedura pentru chei,Zasady dotyczące kluczyków,Порядок сдачи ключей,,,
Site rule 6 text,"When parked in a designated dock or bay, vehicle keys must be handed into the designated control point before any unloading or loading takes place.","Lorsque vous êtes garé à un quai ou à un emplacement désigné, remettez les clés du véhicule au point de contrôle désigné avant le début du chargement ou du déchargement.","Când sunteți parcat la o rampă sau într-un loc desemnat, predați cheile vehiculului la punctul de control desemnat înainte de începerea încărcării sau descărcării.",Po zaparkowaniu na wyznaczonej rampie lub stanowisku przekaż kluczyki do pojazdu w wyznaczonym punkcie kontrolnym przed rozpoczęciem załadunku lub rozładunku.,"Припарковавшись у назначенного дока или места, сдайте ключи от транспортного средства на назначенный контрольный пункт до начала погрузки или разгрузки.",,,
Site rule 7 title,Driver safe area,Zone de sécurité du chauffeur,Zona de siguranță a șoferului,Strefa bezpieczeństwa kierowcy,Безопасная зона для водителя,,,
Site rule 7 text,The designated “safe zone” during unloading and loading is to be communicated by the designated control point.,La zone de sécurité désignée pendant le chargement et le déchargement vous est indiquée par le point de contrôle désigné.,Zona de siguranță desemnată în timpul încărcării și descărcării vă este comunicată de punctul de control desemnat.,Wyznaczona strefa bezpieczeństwa podczas załadunku i rozładunku jest wskazywana przez wyznaczony punkt kontrolny.,Назначенная безопасная зона во время погрузки и разгрузки сообщается назначенным контрольным пунктом.,,,
Site rule 8 title,Unit/trailer park brakes,Freins de stationnement du tracteur et de la remorque,Frânele de parcare ale capului tractor și ale remorcii,Hamulce postojowe ciągnika i naczepy,Стояночные тормоза тягача и прицепа,,,
Site rule 8 text,Park brakes are to be always applied when the unit or trailer is parked. Please double-check before exiting the unit and uncoupling or coupling the trailer.,"Le frein de stationnement doit toujours être serré lorsque le tracteur ou la remorque est stationné. Vérifiez une seconde fois avant de quitter le tracteur, ainsi qu'avant d'atteler ou de dételer une remorque.","Frâna de parcare trebuie să fie întotdeauna trasă când capul tractor sau remorca este parcat. Verificați încă o dată înainte de a coborî din cabină, precum și înainte de a cupla sau decupla o remorcă.","Hamulec postojowy musi być zawsze zaciągnięty, gdy ciągnik lub naczepa stoi na postoju. Sprawdź to ponownie przed opuszczeniem kabiny oraz przed sprzęganiem lub rozprzęganiem naczepy.","Стояночный тормоз должен быть всегда включён, когда тягач или прицеп стоит на стоянке. Проверьте ещё раз, прежде чем выйти из кабины, а также перед сцепкой или расцепкой прицепа.",,,
Site rule 9 title,Grey wheel stops and yellow fixed chocks,Butées de roue grises et cales fixes jaunes,Opritoare gri și pene fixe galbene,Szare ograniczniki kół i żółte stałe kliny,Серые колёсные упоры и жёлтые неподвижные башмаки,,,
Site rule 9 text,Our parking bays operate wheel stops. These are grey in colour and are to rest the back tyre on. The yellow fixed chocks are to be driven over in suitable vehicles to prevent a potential rollaway.,"Nos emplacements de stationnement sont équipés de butées de roue. Elles sont grises et servent à appuyer le pneu arrière. Les cales fixes jaunes se franchissent avec les véhicules adaptés, afin d'éviter tout déplacement involontaire du véhicule.","Locurile noastre de parcare au opritoare de roți. Acestea sunt gri și servesc pentru sprijinirea anvelopei din spate. Penele fixe galbene trebuie trecute cu roțile, la vehiculele adecvate, pentru a preveni deplasarea necontrolată a vehiculului.","Nasze stanowiska postojowe mają ograniczniki kół. Są szare i służą do oparcia tylnej opony. Przez żółte stałe kliny należy przejechać kołami w odpowiednich pojazdach, aby zapobiec niekontrolowanemu stoczeniu się pojazdu.","На наших стояночных местах установлены колёсные упоры. Они серые, в них упирается заднее колесо. Через жёлтые неподвижные башмаки на подходящих транспортных средствах нужно переезжать, чтобы предотвратить самопроизвольный откат.",,,
Site rule 10 title,Rear doors,Portes arrière,Ușile din spate,Tylne drzwi,Задние двери,,,
Site rule 10 text,Trailers or containers must not be moved around site at any time with the rear doors open.,Les remorques et les conteneurs ne doivent jamais être déplacés sur le site avec les portes arrière ouvertes.,Remorcile și containerele nu trebuie mutate niciodată în incintă cu ușile din spate deschise.,Naczep i kontenerów nie wolno przemieszczać po terenie obiektu z otwartymi tylnymi drzwiami.,Прицепы и контейнеры нельзя перемещать по территории с открытыми задними дверями.,,,
Site rule 11 title,Split coupling,Split coupling (attelage dissocié),Split coupling (cuplare separată),Split coupling (rozdzielone sprzęganie),Split coupling (раздельная сцепка),,,
Site rule 11 text,This practice is not allowed on site.,Cette pratique est interdite sur le site.,Această practică nu este permisă în incintă.,Ta praktyka jest zabroniona na terenie obiektu.,Такая практика на территории запрещена.,,,
Site rule 12 title,"Passengers, pets and children","Passagers, animaux et enfants","Pasageri, animale de companie și copii","Pasażerowie, zwierzęta i dzieci","Пассажиры, животные и дети",,,
Site rule 12 text,"Under no circumstances are passengers, pets or children allowed on site. This includes security lodges.","Les passagers, les animaux et les enfants ne sont admis sur le site en aucune circonstance. Cela inclut les postes de sécurité.","În nicio situație nu sunt permiși în incintă pasageri, animale de companie sau copii. Aceasta include și posturile de pază.","W żadnych okolicznościach pasażerowie, zwierzęta ani dzieci nie mogą przebywać na terenie obiektu. Dotyczy to także budek ochrony.","Ни при каких обстоятельствах пассажиры, домашние животные и дети не допускаются на территорию. Это относится и к постам охраны.",,,
Site rule 13 title,"Accidents, incidents and near misses","Accidents, incidents et quasi-accidents","Accidente, incidente și evenimente la limită","Wypadki, incydenty i zdarzenia potencjalnie wypadkowe","Происшествия, инциденты и опасные ситуации",,,
Site rule 13 text,"All accidents, incidents and near misses must be reported to any manager or colleague on site.","Tout accident, incident ou quasi-accident doit être signalé à un responsable ou à un collègue présent sur le site.","Toate accidentele, incidentele și evenimentele evitate la limită trebuie raportate oricărui manager sau coleg din incintă.","Wszystkie wypadki, incydenty i zdarzenia potencjalnie wypadkowe należy zgłaszać dowolnemu kierownikowi lub pracownikowi na terenie obiektu.","О всех происшествиях, инцидентах и опасных ситуациях без последствий необходимо сообщать любому руководителю или сотруднику на территории.",,,
Site rule 14 title,Hazards,Dangers,Pericole,Zagrożenia,Опасности,,,
Site rule 14 text,"Please report any hazards, for example spillages, to any manager or colleague immediately.","Signalez immédiatement tout danger, par exemple un déversement, à un responsable ou à un collègue.","Raportați imediat orice pericol, de exemplu scurgeri, oricărui manager sau coleg.","Natychmiast zgłaszaj wszelkie zagrożenia, na przykład wycieki, dowolnemu kierownikowi lub pracownikowi.","Немедленно сообщайте о любых опасностях, например проливах, любому руководителю или сотруднику.",,,
Site rule 15 title,First aiders,Secouristes,Persoane pentru primul ajutor,Osoby udzielające pierwszej pomocy,Обученные первой помощи,,,
Site rule 15 text,"First aiders can be identified by their hi-visibility vest, which has “First aider” printed on the back and front.",Les secouristes se reconnaissent à leur gilet haute visibilité portant la mention « First aider » devant et derrière.,Persoanele pentru primul ajutor pot fi recunoscute după vesta reflectorizantă cu inscripția „First aider” pe față și pe spate.,Osoby udzielające pierwszej pomocy poznasz po kamizelce odblaskowej z napisem „First aider” z przodu i z tyłu.,"Сотрудников, обученных оказанию первой помощи, можно узнать по светоотражающему жилету с надписью «First aider» спереди и сзади.",,,
Site rule 16 title,H&S advice and assistance,Aide et conseils en santé et sécurité,Sfaturi și asistență în materie de sănătate și securitate,Porady i pomoc w zakresie BHP,Консультации и помощь по охране труда,,,
Site rule 16 text,H&S advice or assistance can be sought from the on-site managers.,Vous pouvez demander des conseils ou de l'aide en matière de santé et de sécurité aux responsables présents sur le site.,Puteți cere sfaturi sau asistență privind sănătatea și securitatea de la managerii din incintă.,O poradę lub pomoc w sprawach BHP można poprosić kierowników na terenie obiektu.,Консультацию или помощь по охране труда и технике безопасности можно получить у руководителей на территории.,,,
Site rule 17 title,Mobile wheel chocks,Cales de roue mobiles,Pene de roată mobile,Ruchome kliny pod koła,Подвижные противооткатные башмаки,,,
Site rule 17 text,We will place yellow wheel chocks under the rear trailer wheels to prevent a rollaway while we unload the trailer. Please check that these have been removed before you attempt to drive away.,Nous placerons des cales jaunes sous les roues arrière de la remorque pour éviter tout déplacement involontaire pendant le déchargement. Vérifiez qu'elles ont été retirées avant de repartir.,Vom plasa pene galbene sub roțile din spate ale remorcii pentru a preveni deplasarea necontrolată în timpul descărcării. Verificați că au fost scoase înainte de a pleca.,"Pod tylnymi kołami naczepy umieścimy żółte kliny, aby zapobiec jej stoczeniu się podczas rozładunku. Sprawdź, czy zostały usunięte, zanim ruszysz.","Мы установим жёлтые башмаки под задние колёса прицепа, чтобы предотвратить откат во время разгрузки. Убедитесь, что они убраны, прежде чем начать движение.",,,
Site rule 18 title,Breach of policy,Non-respect des règles,Încălcarea regulilor,Naruszenie zasad,Нарушение правил,,,
Site rule 18 text,We reserve the right to remove contractors from site if safety rules or procedures are breached.,Nous nous réservons le droit d'exclure du site les prestataires qui ne respectent pas les règles ou les procédures de sécurité.,Ne rezervăm dreptul de a scoate din incintă contractorii dacă regulile sau procedurile de siguranță sunt încălcate.,Zastrzegamy sobie prawo do usunięcia wykonawców z terenu obiektu w przypadku naruszenia zasad lub procedur bezpieczeństwa.,Мы оставляем за собой право удалить подрядчиков с территории при нарушении правил или процедур безопасности.,,,
Site rule 19 title,Fire alarm,Alarme incendie,Alarma de incendiu,Alarm pożarowy,Пожарная сигнализация,,,
Site rule 19 text,"In the case of a fire alarm, all people must leave the building by the nearest fire escape door. Drivers must park their vehicle immediately and in a safe position clear of escape routes. Keys should be left in the ignition in case they need to be moved by emergency services.","Si l'alarme incendie retentit, toutes les personnes doivent quitter le bâtiment par la sortie de secours la plus proche. Les chauffeurs doivent garer immédiatement leur véhicule dans un endroit sûr, à l'écart des voies d'évacuation. Les clés doivent rester sur le contact au cas où les services de secours devraient déplacer le véhicule.","Dacă sună alarma de incendiu, toate persoanele trebuie să părăsească clădirea pe cea mai apropiată ieșire de urgență. Șoferii trebuie să parcheze imediat vehiculul într-o poziție sigură, departe de căile de evacuare. Cheile trebuie lăsate în contact, în caz că serviciile de urgență trebuie să mute vehiculul.","Gdy włączy się alarm pożarowy, wszystkie osoby muszą opuścić budynek najbliższym wyjściem ewakuacyjnym. Kierowcy muszą natychmiast zaparkować pojazd w bezpiecznym miejscu, z dala od dróg ewakuacyjnych. Kluczyki należy zostawić w stacyjce na wypadek, gdyby służby ratunkowe musiały przestawić pojazd.","При срабатывании пожарной сигнализации все люди должны покинуть здание через ближайший аварийный выход. Водители должны немедленно припарковать транспортное средство в безопасном месте, не загораживая пути эвакуации. Ключи следует оставить в замке зажигания на случай, если спасательным службам потребуется переставить транспортное средство.",,,
Goods-In instruction 1 title,Do not wait in the cab,Ne restez pas dans la cabine,Nu așteptați în cabină,Nie czekaj w kabinie,Не ждите в кабине,,,
Goods-In instruction 1 text,You cannot sit in your cab while your vehicle is being tipped.,Vous ne pouvez pas rester dans votre cabine pendant le déchargement de votre véhicule.,Nu aveți voie să stați în cabină cât timp vehiculul dumneavoastră este descărcat.,"Nie możesz przebywać w kabinie, gdy Twój pojazd jest rozładowywany.","Нельзя находиться в кабине, пока ваш автомобиль разгружают.",,,
Goods-In instruction 2 title,Use the waiting facilities,Utilisez les espaces d'attente,Folosiți zona de așteptare,Skorzystaj z miejsca oczekiwania,Используйте зону ожидания,,,
Goods-In instruction 2 text,There is seating round the corner. To your left you will also find the toilets and vending machine.,Des sièges se trouvent au coin du bâtiment. Les toilettes et un distributeur automatique sont à votre gauche.,Locurile de ședere sunt după colț. Toaletele și un automat de vânzare se află în stânga dumneavoastră.,Miejsca siedzące są za rogiem. Toalety i automat z przekąskami i napojami są po lewej stronie.,Места для сидения находятся за углом. Туалеты и торговый автомат слева от вас.,,,
Goods-In instruction 3 title,Wear visible hi-vis,Portez un gilet bien visible,Purtați vesta vizibilă,Noś widoczną kamizelkę,Носите заметный жилет,,,
Goods-In instruction 3 text,"If you are outside, make sure your hi-vis gives 360-degree visibility.","Si vous êtes à l'extérieur, assurez-vous que votre gilet haute visibilité vous rend visible sur 360 degrés.","Dacă sunteți afară, asigurați-vă că vesta reflectorizantă vă face vizibil din toate direcțiile (360 de grade).","Jeśli jesteś na zewnątrz, upewnij się, że Twoja kamizelka odblaskowa zapewnia widoczność ze wszystkich stron (360 stopni).","Если вы находитесь на улице, убедитесь, что ваш светоотражающий жилет обеспечивает видимость со всех сторон (360 градусов).",,,
Goods-In instruction 4 title,Stay away from the cab,Restez éloigné de la cabine,Păstrați distanța față de cabină,Nie zbliżaj się do kabiny,Не подходите к кабине,,,
Goods-In instruction 4 text,Do not go near your cab unless instructed to do so.,"Ne vous approchez pas de votre cabine, sauf si on vous le demande.",Nu vă apropiați de cabină decât dacă vi se cere.,"Nie zbliżaj się do kabiny, chyba że otrzymasz takie polecenie.","Не подходите к своей кабине, пока вам не скажут это сделать.",,,
Goods-In instruction 5 title,Use the walkways,Utilisez les allées piétonnes,Folosiți aleile pietonale,Korzystaj z przejść dla pieszych,Ходите по пешеходным дорожкам,,,
Goods-In instruction 5 text,Keep to the walkways.,Restez sur les allées piétonnes.,Rămâneți pe aleile pietonale.,Trzymaj się wyznaczonych przejść dla pieszych.,Передвигайтесь только по пешеходным дорожкам.,,,
Goods-In instruction 6 title,Wait for Goods-In,Attendez le Goods-In,Așteptați colegii de la Goods-In,Czekaj na pracownika Goods-In,Ждите сотрудника Goods-In,,,
Goods-In instruction 6 text,"We will come and find you if there are any problems, and when you are finished, with your keys and paperwork.","Un collègue du Goods-In viendra vous trouver en cas de problème, et lorsque vous aurez terminé, avec vos clés et vos documents.","Un coleg de la Goods-In vă va căuta dacă apar probleme și atunci când ați terminat, cu cheile și actele dumneavoastră.","Pracownik Goods-In odnajdzie Cię, jeśli pojawią się problemy oraz gdy skończysz, z Twoimi kluczykami i dokumentami.","Сотрудник Goods-In найдёт вас, если возникнут проблемы, а также когда вы закончите, с вашими ключами и документами.",,,
